ID	POS	REF	ALT	Co-Located Variant	Transcript ID	Transcript Strand	Existing Variation	Start Coordinates	Consequence	Diseases	Biotype	CADD_PHRED	input	SIFT_score	SIFT_pred	Polyphen_score	Polyphen_pred	CONDEL	CONDEL_pred
rs531855654	112829671	C	T	True	NM_000576.3	-1	rs531855654	112829671	downstream_gene_variant		protein_coding	0.12	chr2:112829671-112829671:1/T						
rs200295313	112829750	C	CT	False	NM_000576.3	-1	-	112829750	3_prime_UTR_variant	GASTRIC CANCER GASTRIC CANCER, INTESTINAL, INCLUDED	protein_coding		chr2:112829750-112829751:-1/CT						
.	112829765	G	A	False	NM_000576.3	-1	-	112829765	3_prime_UTR_variant	GASTRIC CANCER GASTRIC CANCER, INTESTINAL, INCLUDED	protein_coding	2.653	chr2:112829765-112829765:1/A						
rs1071676	112829856	C	G	True	NM_000576.3	-1	rs1071676	112829856	3_prime_UTR_variant	GASTRIC CANCER GASTRIC CANCER, INTESTINAL, INCLUDED	protein_coding	0.499	chr2:112829856-112829856:1/G						
rs142194680	112829882	G	C	True	NM_000576.3	-1	rs142194680	112829882	3_prime_UTR_variant	GASTRIC CANCER GASTRIC CANCER, INTESTINAL, INCLUDED	protein_coding	0.201	chr2:112829882-112829882:1/C						
rs565675977	112829887	C	T	True	NM_000576.3	-1	rs565675977	112829887	3_prime_UTR_variant	GASTRIC CANCER GASTRIC CANCER, INTESTINAL, INCLUDED	protein_coding	3.503	chr2:112829887-112829887:1/T						
.	112829893	T	G	False	NM_000576.3	-1	-	112829893	3_prime_UTR_variant	GASTRIC CANCER GASTRIC CANCER, INTESTINAL, INCLUDED	protein_coding	3.723	chr2:112829893-112829893:1/G						
.	112829894	C	A	False	NM_000576.3	-1	-	112829894	3_prime_UTR_variant	GASTRIC CANCER GASTRIC CANCER, INTESTINAL, INCLUDED	protein_coding	1.344	chr2:112829894-112829894:1/A						
rs144284916	112829896	AAATTG	A	True	NM_000576.3	-1	rs144284916	112829896	3_prime_UTR_variant	GASTRIC CANCER GASTRIC CANCER, INTESTINAL, INCLUDED	protein_coding	2.768	chr2:112829896-112829901:1/A						
rs1034048384	112829999	C	CAAAT	True	NM_000576.3	-1	rs1034048384	112829999	3_prime_UTR_variant	GASTRIC CANCER GASTRIC CANCER, INTESTINAL, INCLUDED	protein_coding	7.402	chr2:112829999-112830003:1/C						
rs1034048384	112829999	CAAAT	C	True	NM_000576.3	-1	rs1034048384	112829999	3_prime_UTR_variant	GASTRIC CANCER GASTRIC CANCER, INTESTINAL, INCLUDED	protein_coding	7.402	chr2:112829999-112830003:1/C						
rs938326451	112830003	T	C	True	NM_000576.3	-1	rs938326451	112830003	3_prime_UTR_variant	GASTRIC CANCER GASTRIC CANCER, INTESTINAL, INCLUDED	protein_coding	8.776	chr2:112830003-112830003:1/C						
rs528183322	112830022	G	A	True	NM_000576.3	-1	rs528183322	112830022	3_prime_UTR_variant	GASTRIC CANCER GASTRIC CANCER, INTESTINAL, INCLUDED	protein_coding	1.564	chr2:112830022-112830022:1/A						
rs547808878	112830066	T	C	True	NM_000576.3	-1	rs547808878	112830066	3_prime_UTR_variant	GASTRIC CANCER GASTRIC CANCER, INTESTINAL, INCLUDED	protein_coding	4.571	chr2:112830066-112830066:1/C						
rs567700928	112830070	A	G	True	NM_000576.3	-1	rs567700928	112830070	3_prime_UTR_variant	GASTRIC CANCER GASTRIC CANCER, INTESTINAL, INCLUDED	protein_coding	6.55	chr2:112830070-112830070:1/G						
rs537366413	112830077	G	A	True	NM_000576.3	-1	rs537366413	112830077	3_prime_UTR_variant	GASTRIC CANCER GASTRIC CANCER, INTESTINAL, INCLUDED	protein_coding	8.831	chr2:112830077-112830077:1/A						
.	112830086	G	T	False	NM_000576.3	-1	-	112830086	3_prime_UTR_variant	GASTRIC CANCER GASTRIC CANCER, INTESTINAL, INCLUDED	protein_coding	3.714	chr2:112830086-112830086:1/T						
rs1558781933	112830236	G	A	True	NM_000576.3	-1	rs1558781933	112830236	3_prime_UTR_variant	GASTRIC CANCER GASTRIC CANCER, INTESTINAL, INCLUDED	protein_coding	3.052	chr2:112830236-112830236:1/A						
rs10176689	112830260	G	T	True	NM_000576.3	-1	rs10176689	112830260	3_prime_UTR_variant	GASTRIC CANCER GASTRIC CANCER, INTESTINAL, INCLUDED	protein_coding	2.178	chr2:112830260-112830260:1/T						
rs570717396	112830275	G	A	True	NM_000576.3	-1	COSV54523291| COSV99641846| rs570717396	112830275	3_prime_UTR_variant	GASTRIC CANCER GASTRIC CANCER, INTESTINAL, INCLUDED	protein_coding	0.408	chr2:112830275-112830275:1/A						
rs188964071	112830300	T	C	True	NM_000576.3	-1	rs188964071	112830300	3_prime_UTR_variant	GASTRIC CANCER GASTRIC CANCER, INTESTINAL, INCLUDED	protein_coding	1.775	chr2:112830300-112830300:1/C						
.	112830313	A	AG	False	NM_000576.3	-1	-	112830313	3_prime_UTR_variant	GASTRIC CANCER GASTRIC CANCER, INTESTINAL, INCLUDED	protein_coding		chr2:112830313-112830314:-1/AG						
rs553523253	112830459	T	C	True	NM_000576.3	-1	rs553523253	112830459	missense_variant	GASTRIC CANCER GASTRIC CANCER, INTESTINAL, INCLUDED	protein_coding	23.6	chr2:112830459-112830459:1/C	0.08	tolerated	0.997	probably_damaging	0.9105975	deleterious
rs140343610	112830478	G	T	True	NM_000576.3	-1	rs140343610	112830478	synonymous_variant	GASTRIC CANCER GASTRIC CANCER, INTESTINAL, INCLUDED	protein_coding	5.026	chr2:112830478-112830478:1/T						
.	112830531	G	T	True	NM_000576.3	-1	COSV54521247	112830531	synonymous_variant	GASTRIC CANCER GASTRIC CANCER, INTESTINAL, INCLUDED	protein_coding	8.957	chr2:112830531-112830531:1/T						
rs1143644	112830624	T	C	True	NM_000576.3	-1	rs1143644	112830624	intron_variant	GASTRIC CANCER GASTRIC CANCER, INTESTINAL, INCLUDED	protein_coding	1.815	chr2:112830624-112830624:1/C						
rs555832732	112830627	G	A	True	NM_000576.3	-1	rs555832732	112830627	intron_variant	GASTRIC CANCER GASTRIC CANCER, INTESTINAL, INCLUDED	protein_coding	5.998	chr2:112830627-112830627:1/A						
rs575679935	112830683	C	T	True	NM_000576.3	-1	rs575679935	112830683	intron_variant	GASTRIC CANCER GASTRIC CANCER, INTESTINAL, INCLUDED	protein_coding	8.109	chr2:112830683-112830683:1/T						
rs193043599	112830718	A	C	True	NM_000576.3	-1	rs193043599	112830718	intron_variant	GASTRIC CANCER GASTRIC CANCER, INTESTINAL, INCLUDED	protein_coding	4.881	chr2:112830718-112830718:1/C						
rs1143643	112830725	C	T	True	NM_000576.3	-1	COSV54521285| rs1143643	112830725	intron_variant	GASTRIC CANCER GASTRIC CANCER, INTESTINAL, INCLUDED	protein_coding	1.042	chr2:112830725-112830725:1/T						
rs532427509	112830734	A	G	True	NM_000576.3	-1	rs532427509	112830734	intron_variant	GASTRIC CANCER GASTRIC CANCER, INTESTINAL, INCLUDED	protein_coding	0.288	chr2:112830734-112830734:1/G						
rs545723138	112830764	T	G	False	NM_000576.3	-1	-	112830764	intron_variant	GASTRIC CANCER GASTRIC CANCER, INTESTINAL, INCLUDED	protein_coding	5.296	chr2:112830764-112830764:1/C						
.	112830764	T	C	False	NM_000576.3	-1	-	112830764	intron_variant	GASTRIC CANCER GASTRIC CANCER, INTESTINAL, INCLUDED	protein_coding	5.296	chr2:112830764-112830764:1/C						
.	112830767	G	C	False	NM_000576.3	-1	-	112830767	intron_variant	GASTRIC CANCER GASTRIC CANCER, INTESTINAL, INCLUDED	protein_coding	3.827	chr2:112830767-112830767:1/C						
rs879633470	112830801	A	AT	True	NM_000576.3	-1	rs879633470	112830801	intron_variant	GASTRIC CANCER GASTRIC CANCER, INTESTINAL, INCLUDED	protein_coding	0.067	chr2:112830801-112830802:1/A						
rs879633470	112830801	AT	A	True	NM_000576.3	-1	rs879633470	112830801	intron_variant	GASTRIC CANCER GASTRIC CANCER, INTESTINAL, INCLUDED	protein_coding	0.067	chr2:112830801-112830802:1/A						
rs559475222	112830802	T	G	True	NM_000576.3	-1	rs559475222	112830802	intron_variant	GASTRIC CANCER GASTRIC CANCER, INTESTINAL, INCLUDED	protein_coding	0.3	chr2:112830802-112830802:1/G						
rs3917361	112830813	T	G	False	NM_000576.3	-1	-	112830813	intron_variant	GASTRIC CANCER GASTRIC CANCER, INTESTINAL, INCLUDED	protein_coding		chr2:112830813-112830814:-1/TG						
rs770146317	112830813	T	TG	False	NM_000576.3	-1	-	112830813	intron_variant	GASTRIC CANCER GASTRIC CANCER, INTESTINAL, INCLUDED	protein_coding		chr2:112830813-112830814:-1/TG						
rs547844607	112830816	G	A	True	NM_000576.3	-1	rs547844607	112830816	intron_variant	GASTRIC CANCER GASTRIC CANCER, INTESTINAL, INCLUDED	protein_coding	0.181	chr2:112830816-112830816:1/A						
.	112830841	C	G	False	NM_000576.3	-1	-	112830841	intron_variant	GASTRIC CANCER GASTRIC CANCER, INTESTINAL, INCLUDED	protein_coding	2.92	chr2:112830841-112830841:1/G						
rs530976949	112830897	A	G	True	NM_000576.3	-1	rs530976949	112830897	intron_variant	GASTRIC CANCER GASTRIC CANCER, INTESTINAL, INCLUDED	protein_coding	12.36	chr2:112830897-112830897:1/G						
rs1342887017	112830903	TC	T	True	NM_000576.3	-1	rs1342887017	112830903	intron_variant	GASTRIC CANCER GASTRIC CANCER, INTESTINAL, INCLUDED	protein_coding	10.51	chr2:112830903-112830904:1/T						
rs530379884	112830906	A	C	True	NM_000576.3	-1	rs530379884	112830906	intron_variant	GASTRIC CANCER GASTRIC CANCER, INTESTINAL, INCLUDED	protein_coding	8.008	chr2:112830906-112830906:1/C						
rs1410352955	112830927	T	C	True	NM_000576.3	-1	rs1410352955	112830927	intron_variant	GASTRIC CANCER GASTRIC CANCER, INTESTINAL, INCLUDED	protein_coding	16.92	chr2:112830927-112830927:1/C						
rs550874050	112830935	C	T	True	NM_000576.3	-1	rs550874050	112830935	intron_variant	GASTRIC CANCER GASTRIC CANCER, INTESTINAL, INCLUDED	protein_coding	9.021	chr2:112830935-112830935:1/T						
rs3917379	112830936	T	C	True	NM_000576.3	-1	rs3917379	112830936	intron_variant	GASTRIC CANCER GASTRIC CANCER, INTESTINAL, INCLUDED	protein_coding	11.07	chr2:112830936-112830936:1/C						
rs899871597	112830952	G	A	True	NM_000576.3	-1	rs899871597	112830952	intron_variant	GASTRIC CANCER GASTRIC CANCER, INTESTINAL, INCLUDED	protein_coding	0.233	chr2:112830952-112830952:1/A						
rs2464906	112830955	A	G	True	NM_000576.3	-1	rs2464906	112830955	intron_variant	GASTRIC CANCER GASTRIC CANCER, INTESTINAL, INCLUDED	protein_coding	0.671	chr2:112830955-112830955:1/G						
rs1263659022	112830961	G	GGGAGT	False	NM_000576.3	-1	-	112830961	intron_variant	GASTRIC CANCER GASTRIC CANCER, INTESTINAL, INCLUDED	protein_coding		chr2:112830961-112830962:-1/GGGAGT						
rs1143642	112830976	A	G	True	NM_000576.3	-1	rs1143642	112830976	intron_variant	GASTRIC CANCER GASTRIC CANCER, INTESTINAL, INCLUDED	protein_coding	0.393	chr2:112830976-112830976:1/G						
rs546906420	112830979	A	C	True	NM_000576.3	-1	rs546906420	112830979	intron_variant	GASTRIC CANCER GASTRIC CANCER, INTESTINAL, INCLUDED	protein_coding	2.788	chr2:112830979-112830979:1/C						
.	112830990	C	A	False	NM_000576.3	-1	-	112830990	intron_variant	GASTRIC CANCER GASTRIC CANCER, INTESTINAL, INCLUDED	protein_coding	3.024	chr2:112830990-112830990:1/A						
rs1573276428	112831022	A	G	True	NM_000576.3	-1	rs1573276428	112831022	intron_variant	GASTRIC CANCER GASTRIC CANCER, INTESTINAL, INCLUDED	protein_coding	10.49	chr2:112831022-112831022:1/G						
rs1362884716	112831077	CATA	C	True	NM_000576.3	-1	rs1362884716	112831077	intron_variant	GASTRIC CANCER GASTRIC CANCER, INTESTINAL, INCLUDED	protein_coding	0.41	chr2:112831077-112831080:1/C						
rs1143641	112831089	G	A	True	NM_000576.3	-1	rs1143641	112831089	intron_variant	GASTRIC CANCER GASTRIC CANCER, INTESTINAL, INCLUDED	protein_coding	1.352	chr2:112831089-112831089:1/A						
rs1007704608	112831095	A	G	True	NM_000576.3	-1	rs1007704608	112831095	intron_variant	GASTRIC CANCER GASTRIC CANCER, INTESTINAL, INCLUDED	protein_coding	2.928	chr2:112831095-112831095:1/G						
rs535597745	112831128	G	A	True	NM_000576.3	-1	rs535597745	112831128	intron_variant	GASTRIC CANCER GASTRIC CANCER, INTESTINAL, INCLUDED	protein_coding	0.962	chr2:112831128-112831128:1/A						
rs189004151	112831151	A	T	True	NM_000576.3	-1	rs189004151	112831151	intron_variant	GASTRIC CANCER GASTRIC CANCER, INTESTINAL, INCLUDED	protein_coding	4.328	chr2:112831151-112831151:1/T						
.	112831171	A	C	False	NM_000576.3	-1	-	112831171	intron_variant	GASTRIC CANCER GASTRIC CANCER, INTESTINAL, INCLUDED	protein_coding	3.245	chr2:112831171-112831171:1/C						
rs1143640	112831178	CAA	C	True	NM_000576.3	-1	rs1143640	112831178	intron_variant	GASTRIC CANCER GASTRIC CANCER, INTESTINAL, INCLUDED	protein_coding	5.592	chr2:112831178-112831180:1/C						
rs1143639	112831216	C	T	True	NM_000576.3	-1	COSV54521174| CS096388| rs1143639	112831216	intron_variant	GASTRIC CANCER GASTRIC CANCER, INTESTINAL, INCLUDED	protein_coding	0.223	chr2:112831216-112831216:1/T						
rs1143638	112831217	G	A	True	NM_000576.3	-1	rs1143638	112831217	intron_variant	GASTRIC CANCER GASTRIC CANCER, INTESTINAL, INCLUDED	protein_coding	3.791	chr2:112831217-112831217:1/A						
.	112831272	A	C	False	NM_000576.3	-1	-	112831272	intron_variant	GASTRIC CANCER GASTRIC CANCER, INTESTINAL, INCLUDED	protein_coding	5.775	chr2:112831272-112831272:1/C						
rs1296363198	112831310	C	T	True	NM_000576.3	-1	rs1296363198	112831310	synonymous_variant	GASTRIC CANCER GASTRIC CANCER, INTESTINAL, INCLUDED	protein_coding	0.909	chr2:112831310-112831310:1/T						
rs144433180	112831327	C	T	True	NM_000576.3	-1	CM175004| COSV54522588| rs144433180	112831327	missense_variant	GASTRIC CANCER GASTRIC CANCER, INTESTINAL, INCLUDED	protein_coding	21.3	chr2:112831327-112831327:1/T	0.02	deleterious	0.646	possibly_damaging	0.670923	deleterious
rs192715508	112831334	C	G	True	NM_000576.3	-1	rs192715508	112831334	synonymous_variant	GASTRIC CANCER GASTRIC CANCER, INTESTINAL, INCLUDED	protein_coding	6.016	chr2:112831334-112831334:1/G						
rs78226748	112831402	C	A	True	NM_000576.3	-1	rs78226748	112831402	missense_variant	GASTRIC CANCER GASTRIC CANCER, INTESTINAL, INCLUDED	protein_coding	17.99	chr2:112831402-112831402:1/A	0.2	tolerated	0.078	benign	0.449999	neutral
rs758626506	112831473	C	T	True	NM_000576.3	-1	rs758626506	112831473	intron_variant	GASTRIC CANCER GASTRIC CANCER, INTESTINAL, INCLUDED	protein_coding	5.151	chr2:112831473-112831473:1/T						
.	112831496	T	C	False	NM_000576.3	-1	-	112831496	intron_variant	GASTRIC CANCER GASTRIC CANCER, INTESTINAL, INCLUDED	protein_coding	3.569	chr2:112831496-112831496:1/C						
rs151186115	112831498	G	T	True	NM_000576.3	-1	rs151186115	112831498	intron_variant	GASTRIC CANCER GASTRIC CANCER, INTESTINAL, INCLUDED	protein_coding	2.912	chr2:112831498-112831498:1/T						
rs547298461	112831518	C	T	True	NM_000576.3	-1	COSV54523602| rs547298461	112831518	intron_variant	GASTRIC CANCER GASTRIC CANCER, INTESTINAL, INCLUDED	protein_coding	2.347	chr2:112831518-112831518:1/T						
rs541529218	112831610	G	C	True	NM_000576.3	-1	rs541529218	112831610	intron_variant	GASTRIC CANCER GASTRIC CANCER, INTESTINAL, INCLUDED	protein_coding	0.765	chr2:112831610-112831610:1/C						
rs184149321	112831618	C	T	True	NM_000576.3	-1	rs184149321	112831618	intron_variant	GASTRIC CANCER GASTRIC CANCER, INTESTINAL, INCLUDED	protein_coding	5.138	chr2:112831618-112831618:1/T						
rs188824331	112831655	G	A	True	NM_000576.3	-1	rs188824331	112831655	intron_variant	GASTRIC CANCER GASTRIC CANCER, INTESTINAL, INCLUDED	protein_coding	4.239	chr2:112831655-112831655:1/A						
rs550208851	112831663	G	A	True	NM_000576.3	-1	rs550208851	112831663	intron_variant	GASTRIC CANCER GASTRIC CANCER, INTESTINAL, INCLUDED	protein_coding	3.43	chr2:112831663-112831663:1/A						
rs1042239646	112831695	TGAAG	T	True	NM_000576.3	-1	rs1042239646	112831695	intron_variant	GASTRIC CANCER GASTRIC CANCER, INTESTINAL, INCLUDED	protein_coding	1.371	chr2:112831695-112831699:1/T						
rs1143637	112831756	C	T	True	NM_000576.3	-1	rs1143637	112831756	intron_variant	GASTRIC CANCER GASTRIC CANCER, INTESTINAL, INCLUDED	protein_coding	1.698	chr2:112831756-112831756:1/T						
rs140209162	112831757	G	A	True	NM_000576.3	-1	rs140209162	112831757	intron_variant	GASTRIC CANCER GASTRIC CANCER, INTESTINAL, INCLUDED	protein_coding	0.805	chr2:112831757-112831757:1/A						
rs1013673697	112831771	A	G	True	NM_000576.3	-1	rs1013673697	112831771	intron_variant	GASTRIC CANCER GASTRIC CANCER, INTESTINAL, INCLUDED	protein_coding	3.603	chr2:112831771-112831771:1/G						
rs1143636	112831797	A	G	True	NM_000576.3	-1	rs1143636	112831797	intron_variant	GASTRIC CANCER GASTRIC CANCER, INTESTINAL, INCLUDED	protein_coding	8.271	chr2:112831797-112831797:1/G						
.	112831810	C	T	False	NM_000576.3	-1	-	112831810	intron_variant	GASTRIC CANCER GASTRIC CANCER, INTESTINAL, INCLUDED	protein_coding	1.53	chr2:112831810-112831810:1/T						
rs181538872	112831866	C	T	True	NM_000576.3	-1	rs181538872	112831866	intron_variant	GASTRIC CANCER GASTRIC CANCER, INTESTINAL, INCLUDED	protein_coding	1.548	chr2:112831866-112831866:1/T						
rs185992464	112831880	G	C	True	NM_000576.3	-1	rs185992464	112831880	intron_variant	GASTRIC CANCER GASTRIC CANCER, INTESTINAL, INCLUDED	protein_coding	5.589	chr2:112831880-112831880:1/C						
rs549588849	112831939	C	T	True	NM_000576.3	-1	rs549588849	112831939	intron_variant	GASTRIC CANCER GASTRIC CANCER, INTESTINAL, INCLUDED	protein_coding	2.86	chr2:112831939-112831939:1/T						
rs538289687	112831977	C	T	True	NM_000576.3	-1	rs538289687	112831977	intron_variant	GASTRIC CANCER GASTRIC CANCER, INTESTINAL, INCLUDED	protein_coding	2.498	chr2:112831977-112831977:1/T						
rs10183049	112831994	G	A	True	NM_000576.3	-1	rs10183049	112831994	intron_variant	GASTRIC CANCER GASTRIC CANCER, INTESTINAL, INCLUDED	protein_coding	1.2	chr2:112831994-112831994:1/A						
rs895705275	112832015	A	G	True	NM_000576.3	-1	rs895705275	112832015	intron_variant	GASTRIC CANCER GASTRIC CANCER, INTESTINAL, INCLUDED	protein_coding	9.273	chr2:112832015-112832015:1/G						
.	112832029	C	G	False	NM_000576.3	-1	-	112832029	intron_variant	GASTRIC CANCER GASTRIC CANCER, INTESTINAL, INCLUDED	protein_coding	0.19	chr2:112832029-112832029:1/G						
rs538318062	112832108	G	A	True	NM_000576.3	-1	rs538318062	112832108	intron_variant	GASTRIC CANCER GASTRIC CANCER, INTESTINAL, INCLUDED	protein_coding	1.243	chr2:112832108-112832108:1/A						
rs557897741	112832166	G	A	True	NM_000576.3	-1	rs557897741	112832166	intron_variant	GASTRIC CANCER GASTRIC CANCER, INTESTINAL, INCLUDED	protein_coding	2.11	chr2:112832166-112832166:1/A						
rs190308622	112832173	C	T	True	NM_000576.3	-1	rs190308622	112832173	intron_variant	GASTRIC CANCER GASTRIC CANCER, INTESTINAL, INCLUDED	protein_coding	0.246	chr2:112832173-112832173:1/T						
rs3917360	112832174	G	A	False	NM_000576.3	-1	-	112832174	intron_variant	GASTRIC CANCER GASTRIC CANCER, INTESTINAL, INCLUDED	protein_coding	0.738	chr2:112832174-112832174:1/T						
.	112832174	G	T	False	NM_000576.3	-1	-	112832174	intron_variant	GASTRIC CANCER GASTRIC CANCER, INTESTINAL, INCLUDED	protein_coding	0.738	chr2:112832174-112832174:1/T						
rs181951413	112832252	G	T	True	NM_000576.3	-1	rs181951413	112832252	intron_variant	GASTRIC CANCER GASTRIC CANCER, INTESTINAL, INCLUDED	protein_coding	2.941	chr2:112832252-112832252:1/T						
rs541643710	112832257	G	C	True	NM_000576.3	-1	rs541643710	112832257	intron_variant	GASTRIC CANCER GASTRIC CANCER, INTESTINAL, INCLUDED	protein_coding	3.365	chr2:112832257-112832257:1/C						
rs550157988	112832268	G	A	True	NM_000576.3	-1	rs550157988	112832268	intron_variant	GASTRIC CANCER GASTRIC CANCER, INTESTINAL, INCLUDED	protein_coding	1.077	chr2:112832268-112832268:1/A						
rs1165582208	112832292	G	A	True	NM_000576.3	-1	rs1165582208	112832292	intron_variant	GASTRIC CANCER GASTRIC CANCER, INTESTINAL, INCLUDED	protein_coding	3.983	chr2:112832292-112832292:1/A						
rs1431766593	112832318	A	G	True	NM_000576.3	-1	rs1431766593	112832318	intron_variant	GASTRIC CANCER GASTRIC CANCER, INTESTINAL, INCLUDED	protein_coding	5.068	chr2:112832318-112832318:1/G						
rs572964675	112832321	A	G	True	NM_000576.3	-1	rs572964675	112832321	intron_variant	GASTRIC CANCER GASTRIC CANCER, INTESTINAL, INCLUDED	protein_coding	1.51	chr2:112832321-112832321:1/G						
rs187410053	112832323	A	G	True	NM_000576.3	-1	rs187410053	112832323	intron_variant	GASTRIC CANCER GASTRIC CANCER, INTESTINAL, INCLUDED	protein_coding	7.273	chr2:112832323-112832323:1/G						
rs76668723	112832332	G	A	True	NM_000576.3	-1	rs76668723	112832332	intron_variant	GASTRIC CANCER GASTRIC CANCER, INTESTINAL, INCLUDED	protein_coding	15.43	chr2:112832332-112832332:1/A						
rs1573277260	112832375	T	C	True	NM_000576.3	-1	rs1573277260	112832375	intron_variant	GASTRIC CANCER GASTRIC CANCER, INTESTINAL, INCLUDED	protein_coding	1.342	chr2:112832375-112832375:1/C						
rs150311638	112832376	T	C	True	NM_000576.3	-1	rs150311638	112832376	intron_variant	GASTRIC CANCER GASTRIC CANCER, INTESTINAL, INCLUDED	protein_coding	1.062	chr2:112832376-112832376:1/C						
rs543888496	112832380	G	C	True	NM_000576.3	-1	rs543888496	112832380	intron_variant	GASTRIC CANCER GASTRIC CANCER, INTESTINAL, INCLUDED	protein_coding	3.359	chr2:112832380-112832380:1/C						
rs563942308	112832444	C	T	True	NM_000576.3	-1	rs563942308	112832444	intron_variant	GASTRIC CANCER GASTRIC CANCER, INTESTINAL, INCLUDED	protein_coding	0.156	chr2:112832444-112832444:1/T						
rs137956430	112832449	A	G	True	NM_000576.3	-1	rs137956430	112832449	intron_variant	GASTRIC CANCER GASTRIC CANCER, INTESTINAL, INCLUDED	protein_coding	0.372	chr2:112832449-112832449:1/G						
rs540577814	112832486	G	T	True	NM_000576.3	-1	rs540577814	112832486	intron_variant	GASTRIC CANCER GASTRIC CANCER, INTESTINAL, INCLUDED	protein_coding	0.49	chr2:112832486-112832486:1/T						
rs529316093	112832544	AT	A	True	NM_000576.3	-1	rs529316093	112832544	intron_variant	GASTRIC CANCER GASTRIC CANCER, INTESTINAL, INCLUDED	protein_coding	0.523	chr2:112832544-112832545:1/A						
rs529608227	112832557	T	C	True	NM_000576.3	-1	rs529608227	112832557	intron_variant	GASTRIC CANCER GASTRIC CANCER, INTESTINAL, INCLUDED	protein_coding	4.555	chr2:112832557-112832557:1/C						
rs549623567	112832571	G	T	True	NM_000576.3	-1	rs549623567	112832571	intron_variant	GASTRIC CANCER GASTRIC CANCER, INTESTINAL, INCLUDED	protein_coding	4.822	chr2:112832571-112832571:1/T						
rs1143635	112832578	A	G	True	NM_000576.3	-1	rs1143635	112832578	intron_variant	GASTRIC CANCER GASTRIC CANCER, INTESTINAL, INCLUDED	protein_coding	2.287	chr2:112832578-112832578:1/G						
rs772735332	112832623	CAGG	C	True	NM_000576.3	-1	rs772735332	112832623	intron_variant	GASTRIC CANCER GASTRIC CANCER, INTESTINAL, INCLUDED	protein_coding		chr2:112832623-112832626:1/C						
rs765269921	112832748	C	T	True	NM_000576.3	-1	COSV105840680| rs765269921	112832748	missense_variant	GASTRIC CANCER GASTRIC CANCER, INTESTINAL, INCLUDED	protein_coding	5.69	chr2:112832748-112832748:1/T	0.82	tolerated	0.003	benign	0.444557	neutral
rs200498551	112832749	G	A	True	NM_000576.3	-1	rs200498551	112832749	missense_variant	GASTRIC CANCER GASTRIC CANCER, INTESTINAL, INCLUDED	protein_coding	21.1	chr2:112832749-112832749:1/A	0.1	tolerated	0.009	benign	0.4447835	neutral
rs551821803	112832753	C	T	True	NM_000576.3	-1	rs551821803	112832753	synonymous_variant	GASTRIC CANCER GASTRIC CANCER, INTESTINAL, INCLUDED	protein_coding	0.763	chr2:112832753-112832753:1/T						
rs571556428	112832787	A	G	True	NM_000576.3	-1	rs571556428	112832787	missense_variant	GASTRIC CANCER GASTRIC CANCER, INTESTINAL, INCLUDED	protein_coding	0.893	chr2:112832787-112832787:1/G	0.43	tolerated	0.164	benign	0.45926	neutral
rs148588074	112832807	T	C	True	NM_000576.3	-1	rs148588074	112832807	synonymous_variant	GASTRIC CANCER GASTRIC CANCER, INTESTINAL, INCLUDED	protein_coding	0.289	chr2:112832807-112832807:1/C						
rs139843362	112832812	C	T	True	NM_000576.3	-1	rs139843362	112832812	missense_variant	GASTRIC CANCER GASTRIC CANCER, INTESTINAL, INCLUDED	protein_coding	12.44	chr2:112832812-112832812:1/T	0.13	tolerated	0.01	benign	0.44483	neutral
rs1143634	112832813	G	A	True	NM_000576.3	-1	CM040228| COSV54523425| rs1143634	112832813	synonymous_variant	Endometriosis | High IL-1beta levels in gingival crevicular fluid | Antisynthetase syndrome | GASTRIC CANCER GASTRIC CANCER, INTESTINAL, INCLUDED	protein_coding	3.638	chr2:112832813-112832813:1/A						
rs752959492	112832825	T	C	True	NM_000576.3	-1	rs752959492	112832825	splice_region_variant | synonymous_variant	GASTRIC CANCER GASTRIC CANCER, INTESTINAL, INCLUDED	protein_coding	11.06	chr2:112832825-112832825:1/C						
rs535343756	112832837	G	A	True	NM_000576.3	-1	rs535343756	112832837	splice_polypyrimidine_tract_variant | intron_variant	GASTRIC CANCER GASTRIC CANCER, INTESTINAL, INCLUDED	protein_coding	10.57	chr2:112832837-112832837:1/A						
.	112832842	C	T	False	NM_000576.3	-1	-	112832842	splice_polypyrimidine_tract_variant | intron_variant	GASTRIC CANCER GASTRIC CANCER, INTESTINAL, INCLUDED	protein_coding	9.967	chr2:112832842-112832842:1/T						
rs1573277753	112832865	G	A	True	NM_000576.3	-1	rs1573277753	112832865	intron_variant	GASTRIC CANCER GASTRIC CANCER, INTESTINAL, INCLUDED	protein_coding	6.415	chr2:112832865-112832865:1/A						
rs190772277	112832878	C	T	True	NM_000576.3	-1	rs190772277	112832878	intron_variant	GASTRIC CANCER GASTRIC CANCER, INTESTINAL, INCLUDED	protein_coding	0.225	chr2:112832878-112832878:1/T						
rs1143633	112832890	C	T	True	NM_000576.3	-1	COSV54521294| rs1143633	112832890	intron_variant	Hay fever and/or eczema | Allergic disease (asthma, hay fever or eczema) | GASTRIC CANCER GASTRIC CANCER, INTESTINAL, INCLUDED	protein_coding	1.593	chr2:112832890-112832890:1/T						
rs746834664	112832930	G	A	True	NM_000576.3	-1	rs746834664	112832930	intron_variant	GASTRIC CANCER GASTRIC CANCER, INTESTINAL, INCLUDED	protein_coding	0.039	chr2:112832930-112832930:1/A						
rs182336711	112832975	G	T	True	NM_000576.3	-1	rs182336711	112832975	intron_variant	GASTRIC CANCER GASTRIC CANCER, INTESTINAL, INCLUDED	protein_coding	4.166	chr2:112832975-112832975:1/T						
rs185404870	112833036	C	G	True	NM_000576.3	-1	rs185404870	112833036	intron_variant	GASTRIC CANCER GASTRIC CANCER, INTESTINAL, INCLUDED	protein_coding	1.239	chr2:112833036-112833036:1/G						
rs577654607	112833044	T	C	True	NM_000576.3	-1	rs577654607	112833044	intron_variant	GASTRIC CANCER GASTRIC CANCER, INTESTINAL, INCLUDED	protein_coding	2.694	chr2:112833044-112833044:1/C						
rs540269184	112833070	G	A	True	NM_000576.3	-1	rs540269184	112833070	intron_variant	GASTRIC CANCER GASTRIC CANCER, INTESTINAL, INCLUDED	protein_coding	4.04	chr2:112833070-112833070:1/A						
rs774838456	112833157	G	T	True	NM_000576.3	-1	rs774838456	112833157	intron_variant	GASTRIC CANCER GASTRIC CANCER, INTESTINAL, INCLUDED	protein_coding	5.598	chr2:112833157-112833157:1/T						
rs559871123	112833186	A	T	True	NM_000576.3	-1	rs559871123	112833186	intron_variant	GASTRIC CANCER GASTRIC CANCER, INTESTINAL, INCLUDED	protein_coding	4.418	chr2:112833186-112833186:1/T						
rs529645738	112833224	T	G	True	NM_000576.3	-1	rs529645738	112833224	intron_variant	GASTRIC CANCER GASTRIC CANCER, INTESTINAL, INCLUDED	protein_coding	10.09	chr2:112833224-112833224:1/G						
rs543306451	112833253	T	A	True	NM_000576.3	-1	rs543306451	112833253	intron_variant	GASTRIC CANCER GASTRIC CANCER, INTESTINAL, INCLUDED	protein_coding	1.775	chr2:112833253-112833253:1/A						
rs1443727532	112833259	CG	C	True	NM_000576.3	-1	rs1443727532	112833259	intron_variant	GASTRIC CANCER GASTRIC CANCER, INTESTINAL, INCLUDED	protein_coding	0.058	chr2:112833259-112833260:1/C						
rs563094943	112833260	G	C	True	NM_000576.3	-1	rs563094943	112833260	intron_variant	GASTRIC CANCER GASTRIC CANCER, INTESTINAL, INCLUDED	protein_coding	0.124	chr2:112833260-112833260:1/C						
rs531892312	112833272	A	G	True	NM_000576.3	-1	rs531892312	112833272	intron_variant	GASTRIC CANCER GASTRIC CANCER, INTESTINAL, INCLUDED	protein_coding	4.44	chr2:112833272-112833272:1/G						
rs551595771	112833321	T	C	True	NM_000576.3	-1	rs551595771	112833321	intron_variant	GASTRIC CANCER GASTRIC CANCER, INTESTINAL, INCLUDED	protein_coding	0.199	chr2:112833321-112833321:1/C						
rs201641509	112833335	A	G	True	NM_000576.3	-1	rs201641509	112833335	intron_variant	GASTRIC CANCER GASTRIC CANCER, INTESTINAL, INCLUDED	protein_coding	6.087	chr2:112833335-112833335:1/G						
rs190212930	112833343	G	A	True	NM_000576.3	-1	rs190212930	112833343	intron_variant	GASTRIC CANCER GASTRIC CANCER, INTESTINAL, INCLUDED	protein_coding	5.462	chr2:112833343-112833343:1/A						
rs376739961	112833370	C	G	True	NM_000576.3	-1	rs376739961	112833370	splice_donor_region_variant | intron_variant	GASTRIC CANCER GASTRIC CANCER, INTESTINAL, INCLUDED	protein_coding	1.156	chr2:112833370-112833370:1/G						
rs200401035	112833400	G	A	True	NM_000576.3	-1	rs200401035	112833400	missense_variant	GASTRIC CANCER GASTRIC CANCER, INTESTINAL, INCLUDED	protein_coding	15.8	chr2:112833400-112833400:1/A	0.09	tolerated	0.761	possibly_damaging	0.7264505	deleterious
rs755957216	112833482	C	T	True	NM_000576.3	-1	COSV54521873| rs755957216	112833482	missense_variant	GASTRIC CANCER GASTRIC CANCER, INTESTINAL, INCLUDED	protein_coding	15.18	chr2:112833482-112833482:1/T	0.01	deleterious	0.081	benign	0.4502915	neutral
rs200278471	112833487	T	C	True	NM_000576.3	-1	rs200278471	112833487	missense_variant	GASTRIC CANCER GASTRIC CANCER, INTESTINAL, INCLUDED	protein_coding	5.097	chr2:112833487-112833487:1/C	0.61	tolerated	0.022	benign	0.445479	neutral
rs16062	112833504	G	A	True	NM_000576.3	-1	rs16062	112833504	synonymous_variant	ClinVar: phenotype not specified | GASTRIC CANCER GASTRIC CANCER, INTESTINAL, INCLUDED	protein_coding	1.318	chr2:112833504-112833504:1/A						
.	112833513	G	T	False	NM_000576.3	-1	-	112833513	missense_variant	GASTRIC CANCER GASTRIC CANCER, INTESTINAL, INCLUDED	protein_coding	0.103	chr2:112833513-112833513:1/T	0.8	tolerated	0	benign	0.4445	neutral
rs568715066	112833515	C	T	True	NM_000576.3	-1	rs568715066	112833515	missense_variant	GASTRIC CANCER GASTRIC CANCER, INTESTINAL, INCLUDED	protein_coding	8.292	chr2:112833515-112833515:1/T	0.2	tolerated	0	benign	0.4445	neutral
rs538083388	112833516	G	A	True	NM_000576.3	-1	COSV54523754| rs538083388	112833516	synonymous_variant	GASTRIC CANCER GASTRIC CANCER, INTESTINAL, INCLUDED	protein_coding	3.199	chr2:112833516-112833516:1/A						
.	112833528	C	T	False	NM_000576.3	-1	-	112833528	synonymous_variant	GASTRIC CANCER GASTRIC CANCER, INTESTINAL, INCLUDED	protein_coding	5.544	chr2:112833528-112833528:1/T						
rs529396429	112833530	G	T	True	NM_000576.3	-1	rs529396429	112833530	missense_variant	GASTRIC CANCER GASTRIC CANCER, INTESTINAL, INCLUDED	protein_coding	18.61	chr2:112833530-112833530:1/T	0.03	deleterious	0.093	benign	0.451382	neutral
rs140821206	112833536	C	T	True	NM_000576.3	-1	COSV54521026| COSV54522438| rs140821206	112833536	missense_variant	GASTRIC CANCER GASTRIC CANCER, INTESTINAL, INCLUDED	protein_coding	6.107	chr2:112833536-112833536:1/T	0.25	tolerated	0.221	benign	0.466379	neutral
rs140794289	112833537	G	A	True	NM_000576.3	-1	rs140794289	112833537	synonymous_variant	ClinVar: phenotype not specified | GASTRIC CANCER GASTRIC CANCER, INTESTINAL, INCLUDED	protein_coding	2.959	chr2:112833537-112833537:1/A						
rs569468521	112833575	A	G	True	NM_000576.3	-1	rs569468521	112833575	missense_variant | splice_region_variant	GASTRIC CANCER GASTRIC CANCER, INTESTINAL, INCLUDED	protein_coding	0.074	chr2:112833575-112833575:1/G	0.36	tolerated	0.387	benign	0.5683400000000001	deleterious
rs3917359	112833585	G	A	True	NM_000576.3	-1	rs3917359	112833585	splice_polypyrimidine_tract_variant | intron_variant	ClinVar: phenotype not specified | GASTRIC CANCER GASTRIC CANCER, INTESTINAL, INCLUDED	protein_coding	4.432	chr2:112833585-112833585:1/C						
rs3917359	112833585	G	C	True	NM_000576.3	-1	rs3917359	112833585	splice_polypyrimidine_tract_variant | intron_variant	ClinVar: phenotype not specified | GASTRIC CANCER GASTRIC CANCER, INTESTINAL, INCLUDED	protein_coding	4.432	chr2:112833585-112833585:1/C						
rs34701301	112833588	C	T	True	NM_000576.3	-1	rs34701301	112833588	splice_polypyrimidine_tract_variant | intron_variant	GASTRIC CANCER GASTRIC CANCER, INTESTINAL, INCLUDED	protein_coding	3.965	chr2:112833588-112833588:1/T						
rs201166180	112833597	G	C	True	NM_000576.3	-1	rs201166180	112833597	intron_variant	GASTRIC CANCER GASTRIC CANCER, INTESTINAL, INCLUDED	protein_coding	6.772	chr2:112833597-112833597:1/C						
rs553815802	112833616	T	A	True	NM_000576.3	-1	rs553815802	112833616	intron_variant	GASTRIC CANCER GASTRIC CANCER, INTESTINAL, INCLUDED	protein_coding	6.061	chr2:112833616-112833616:1/A						
rs182605275	112833621	G	A	True	NM_000576.3	-1	rs182605275	112833621	intron_variant	GASTRIC CANCER GASTRIC CANCER, INTESTINAL, INCLUDED	protein_coding	10.2	chr2:112833621-112833621:1/A						
rs543345208	112833665	G	C	True	NM_000576.3	-1	rs543345208	112833665	intron_variant	GASTRIC CANCER GASTRIC CANCER, INTESTINAL, INCLUDED	protein_coding	0.238	chr2:112833665-112833665:1/C						
rs139004452	112833684	C	G	True	NM_000576.3	-1	rs139004452	112833684	intron_variant	GASTRIC CANCER GASTRIC CANCER, INTESTINAL, INCLUDED	protein_coding	3.823	chr2:112833684-112833684:1/G						
rs188233580	112833686	G	A	True	NM_000576.3	-1	rs188233580	112833686	intron_variant	GASTRIC CANCER GASTRIC CANCER, INTESTINAL, INCLUDED	protein_coding	1.236	chr2:112833686-112833686:1/A						
rs3136558	112833698	A	G	True	NM_000576.3	-1	rs3136558	112833698	intron_variant	GASTRIC CANCER GASTRIC CANCER, INTESTINAL, INCLUDED	protein_coding	3.789	chr2:112833698-112833698:1/G						
.	112833714	C	A	False	NM_000576.3	-1	-	112833714	intron_variant	GASTRIC CANCER GASTRIC CANCER, INTESTINAL, INCLUDED	protein_coding	1.331	chr2:112833714-112833714:1/A						
rs372982172	112833730	A	C	True	NM_000576.3	-1	rs372982172	112833730	intron_variant	GASTRIC CANCER GASTRIC CANCER, INTESTINAL, INCLUDED	protein_coding	4.115	chr2:112833730-112833730:1/C						
rs527820940	112833731	T	C	True	NM_000576.3	-1	rs527820940	112833731	intron_variant	GASTRIC CANCER GASTRIC CANCER, INTESTINAL, INCLUDED	protein_coding	0.881	chr2:112833731-112833731:1/C						
rs547540605	112833732	G	T	True	NM_000576.3	-1	rs547540605	112833732	intron_variant	GASTRIC CANCER GASTRIC CANCER, INTESTINAL, INCLUDED	protein_coding	1.123	chr2:112833732-112833732:1/T						
rs538154742	112833748	CT	C	True	NM_000576.3	-1	rs538154742	112833748	intron_variant	GASTRIC CANCER GASTRIC CANCER, INTESTINAL, INCLUDED	protein_coding	0.251	chr2:112833748-112833749:1/C						
.	112833757	G	A	False	NM_000576.3	-1	-	112833757	intron_variant	GASTRIC CANCER GASTRIC CANCER, INTESTINAL, INCLUDED	protein_coding	1.976	chr2:112833757-112833757:1/A						
rs3136557	112833765	G	A	True	NM_000576.3	-1	rs3136557	112833765	intron_variant	GASTRIC CANCER GASTRIC CANCER, INTESTINAL, INCLUDED	protein_coding	0.824	chr2:112833765-112833765:1/A						
.	112833798	G	A	False	NM_000576.3	-1	-	112833798	intron_variant	GASTRIC CANCER GASTRIC CANCER, INTESTINAL, INCLUDED	protein_coding	2.455	chr2:112833798-112833798:1/A						
rs539477216	112833814	G	A	True	NM_000576.3	-1	rs539477216	112833814	intron_variant	GASTRIC CANCER GASTRIC CANCER, INTESTINAL, INCLUDED	protein_coding	1.664	chr2:112833814-112833814:1/A						
rs376339808	112833838	C	CA	False	NM_000576.3	-1	-	112833838	intron_variant	GASTRIC CANCER GASTRIC CANCER, INTESTINAL, INCLUDED	protein_coding		chr2:112833838-112833839:-1/CA						
rs142218178	112833862	G	A	True	NM_000576.3	-1	rs142218178	112833862	intron_variant	GASTRIC CANCER GASTRIC CANCER, INTESTINAL, INCLUDED	protein_coding	0.872	chr2:112833862-112833862:1/A						
rs1363848959	112833937	A	G	True	NM_000576.3	-1	rs1363848959	112833937	intron_variant	GASTRIC CANCER GASTRIC CANCER, INTESTINAL, INCLUDED	protein_coding	2.142	chr2:112833937-112833937:1/G						
rs549754977	112833947	T	G	True	NM_000576.3	-1	rs549754977	112833947	intron_variant	GASTRIC CANCER GASTRIC CANCER, INTESTINAL, INCLUDED	protein_coding	3.808	chr2:112833947-112833947:1/G						
rs997515754	112833978	G	A	True	NM_000576.3	-1	rs997515754	112833978	intron_variant	GASTRIC CANCER GASTRIC CANCER, INTESTINAL, INCLUDED	protein_coding	4.528	chr2:112833978-112833978:1/A						
.	112833980	G	C	False	NM_000576.3	-1	-	112833980	intron_variant	GASTRIC CANCER GASTRIC CANCER, INTESTINAL, INCLUDED	protein_coding	1.451	chr2:112833980-112833980:1/C						
rs193162566	112833989	T	C	True	NM_000576.3	-1	rs193162566	112833989	intron_variant	GASTRIC CANCER GASTRIC CANCER, INTESTINAL, INCLUDED	protein_coding	4.018	chr2:112833989-112833989:1/C						
rs538015386	112833994	T	TAAAAC	True	NM_000576.3	-1	rs3917357	112833994	intron_variant	GASTRIC CANCER GASTRIC CANCER, INTESTINAL, INCLUDED	protein_coding	0.817	chr2:112833994-112834004:1/T						
rs542650420	112833994	TAAAAC	T	True	NM_000576.3	-1	rs3917357	112833994	intron_variant	GASTRIC CANCER GASTRIC CANCER, INTESTINAL, INCLUDED	protein_coding	0.817	chr2:112833994-112834004:1/T						
rs576358755	112833994	TAAAACAAAAC	T	True	NM_000576.3	-1	rs3917357	112833994	intron_variant	GASTRIC CANCER GASTRIC CANCER, INTESTINAL, INCLUDED	protein_coding	0.817	chr2:112833994-112834004:1/T						
rs1352715750	112834011	A	AAACAG	False	NM_000576.3	-1	-	112834011	intron_variant	GASTRIC CANCER GASTRIC CANCER, INTESTINAL, INCLUDED	protein_coding		chr2:112834011-112834012:-1/AAACAG						
rs1143631	112834016	A	G	True	NM_000576.3	-1	rs1143631	112834016	intron_variant	GASTRIC CANCER GASTRIC CANCER, INTESTINAL, INCLUDED	protein_coding	2.829	chr2:112834016-112834016:1/G						
rs529262883	112834019	C	CAAAAT	True	NM_000576.3	-1	rs12991344	112834019	intron_variant	GASTRIC CANCER GASTRIC CANCER, INTESTINAL, INCLUDED	protein_coding	0.886	chr2:112834019-112834019:1/T						
rs12991344	112834019	C	T	True	NM_000576.3	-1	rs12991344	112834019	intron_variant	GASTRIC CANCER GASTRIC CANCER, INTESTINAL, INCLUDED	protein_coding	0.886	chr2:112834019-112834019:1/T						
rs183643701	112834024	T	C	True	NM_000576.3	-1	rs183643701	112834024	intron_variant	GASTRIC CANCER GASTRIC CANCER, INTESTINAL, INCLUDED	protein_coding	0.713	chr2:112834024-112834024:1/C						
rs1143630	112834078	T	G	True	NM_000576.3	-1	rs1143630	112834078	intron_variant	GASTRIC CANCER GASTRIC CANCER, INTESTINAL, INCLUDED	protein_coding	5.073	chr2:112834078-112834078:1/G						
rs189235692	112834125	A	G	True	NM_000576.3	-1	rs189235692	112834125	intron_variant	GASTRIC CANCER GASTRIC CANCER, INTESTINAL, INCLUDED	protein_coding	6.24	chr2:112834125-112834125:1/G						
.	112834235	C	G	False	NM_000576.3	-1	-	112834235	intron_variant	GASTRIC CANCER GASTRIC CANCER, INTESTINAL, INCLUDED	protein_coding	0.771	chr2:112834235-112834235:1/G						
rs200619471	112834237	A	G	True	NM_000576.3	-1	rs200619471	112834237	intron_variant	GASTRIC CANCER GASTRIC CANCER, INTESTINAL, INCLUDED	protein_coding	2.411	chr2:112834237-112834237:1/G						
.	112834251	C	G	False	NM_000576.3	-1	-	112834251	intron_variant	GASTRIC CANCER GASTRIC CANCER, INTESTINAL, INCLUDED	protein_coding	1.083	chr2:112834251-112834251:1/G						
rs374217372	112834261	G	A	True	NM_000576.3	-1	rs374217372	112834261	intron_variant	GASTRIC CANCER GASTRIC CANCER, INTESTINAL, INCLUDED	protein_coding	2.241	chr2:112834261-112834261:1/A						
rs191379321	112834323	C	T	True	NM_000576.3	-1	rs191379321	112834323	intron_variant	GASTRIC CANCER GASTRIC CANCER, INTESTINAL, INCLUDED	protein_coding	3.245	chr2:112834323-112834323:1/T						
rs1573279034	112834362	TC	T	True	NM_000576.3	-1	rs1573279034	112834362	intron_variant	GASTRIC CANCER GASTRIC CANCER, INTESTINAL, INCLUDED	protein_coding		chr2:112834362-112834363:1/T						
.	112834369	T	C	False	NM_000576.3	-1	-	112834369	intron_variant	GASTRIC CANCER GASTRIC CANCER, INTESTINAL, INCLUDED	protein_coding	1.976	chr2:112834369-112834369:1/C						
rs183903244	112834457	C	T	True	NM_000576.3	-1	rs183903244	112834457	intron_variant	GASTRIC CANCER GASTRIC CANCER, INTESTINAL, INCLUDED	protein_coding	0.394	chr2:112834457-112834457:1/T						
rs990384762	112834458	G	A	True	NM_000576.3	-1	rs990384762	112834458	intron_variant	GASTRIC CANCER GASTRIC CANCER, INTESTINAL, INCLUDED	protein_coding	1.103	chr2:112834458-112834458:1/A						
.	112834461	T	G	False	NM_000576.3	-1	-	112834461	intron_variant	GASTRIC CANCER GASTRIC CANCER, INTESTINAL, INCLUDED	protein_coding	7.214	chr2:112834461-112834461:1/G						
.	112834484	T	TAAGGCATGATAATGGTTCAAAGGCTTGA	False	NM_000576.3	-1	-	112834484	intron_variant	GASTRIC CANCER GASTRIC CANCER, INTESTINAL, INCLUDED	protein_coding		chr2:112834484-112834485:-1/TAAGGCATGATAATGGTTCAAAGGCTTGA						
rs188380858	112834488	G	A	True	NM_000576.3	-1	rs188380858	112834488	intron_variant	GASTRIC CANCER GASTRIC CANCER, INTESTINAL, INCLUDED	protein_coding	0.593	chr2:112834488-112834488:1/A						
rs545364657	112834507	G	T	True	NM_000576.3	-1	rs545364657	112834507	intron_variant	GASTRIC CANCER GASTRIC CANCER, INTESTINAL, INCLUDED	protein_coding	4.567	chr2:112834507-112834507:1/T						
rs3917378	112834549	A	T	True	NM_000576.3	-1	rs3917378	112834549	intron_variant	GASTRIC CANCER GASTRIC CANCER, INTESTINAL, INCLUDED	protein_coding	7.362	chr2:112834549-112834549:1/T						
rs986612841	112834553	G	A	True	NM_000576.3	-1	rs986612841	112834553	intron_variant	GASTRIC CANCER GASTRIC CANCER, INTESTINAL, INCLUDED	protein_coding	6.791	chr2:112834553-112834553:1/A						
rs541130763	112834559	G	A	True	NM_000576.3	-1	rs541130763	112834559	intron_variant	GASTRIC CANCER GASTRIC CANCER, INTESTINAL, INCLUDED	protein_coding	8.01	chr2:112834559-112834559:1/A						
rs561007540	112834649	A	T	True	NM_000576.3	-1	rs561007540	112834649	intron_variant	GASTRIC CANCER GASTRIC CANCER, INTESTINAL, INCLUDED	protein_coding	1.965	chr2:112834649-112834649:1/T						
rs530129353	112834692	A	C	True	NM_000576.3	-1	rs530129353	112834692	intron_variant	GASTRIC CANCER GASTRIC CANCER, INTESTINAL, INCLUDED	protein_coding	1.406	chr2:112834692-112834692:1/C						
rs929125927	112834749	A	G	True	NM_000576.3	-1	rs929125927	112834749	intron_variant	GASTRIC CANCER GASTRIC CANCER, INTESTINAL, INCLUDED	protein_coding	2.718	chr2:112834749-112834749:1/G						
.	112834751	T	G	False	NM_000576.3	-1	-	112834751	intron_variant	GASTRIC CANCER GASTRIC CANCER, INTESTINAL, INCLUDED	protein_coding	5.741	chr2:112834751-112834751:1/G						
rs549790444	112834774	A	C	True	NM_000576.3	-1	rs549790444	112834774	intron_variant	GASTRIC CANCER GASTRIC CANCER, INTESTINAL, INCLUDED	protein_coding	11.67	chr2:112834774-112834774:1/C						
rs1033826600	112834777	T	C	True	NM_000576.3	-1	rs1033826600	112834777	intron_variant	GASTRIC CANCER GASTRIC CANCER, INTESTINAL, INCLUDED	protein_coding	3.16	chr2:112834777-112834777:1/C						
rs3917356	112834786	C	T	True	NM_000576.3	-1	rs3917356	112834786	intron_variant	GASTRIC CANCER GASTRIC CANCER, INTESTINAL, INCLUDED	protein_coding	0.257	chr2:112834786-112834786:1/T						
rs141915771	112834884	T	C	True	NM_000576.3	-1	rs141915771	112834884	intron_variant	GASTRIC CANCER GASTRIC CANCER, INTESTINAL, INCLUDED	protein_coding	4.396	chr2:112834884-112834884:1/G						
rs141915771	112834884	T	G	True	NM_000576.3	-1	rs141915771	112834884	intron_variant	GASTRIC CANCER GASTRIC CANCER, INTESTINAL, INCLUDED	protein_coding	4.396	chr2:112834884-112834884:1/G						
rs150638407	112834893	G	T	True	NM_000576.3	-1	rs150638407	112834893	intron_variant	GASTRIC CANCER GASTRIC CANCER, INTESTINAL, INCLUDED	protein_coding	0.635	chr2:112834893-112834893:1/T						
rs533707114	112834907	G	T	True	NM_000576.3	-1	rs533707114	112834907	intron_variant	GASTRIC CANCER GASTRIC CANCER, INTESTINAL, INCLUDED	protein_coding	4.276	chr2:112834907-112834907:1/T						
.	112834914	G	A	False	NM_000576.3	-1	-	112834914	intron_variant	GASTRIC CANCER GASTRIC CANCER, INTESTINAL, INCLUDED	protein_coding	3.923	chr2:112834914-112834914:1/A						
rs140749280	112835084	T	C	True	NM_000576.3	-1	rs140749280	112835084	intron_variant	GASTRIC CANCER GASTRIC CANCER, INTESTINAL, INCLUDED	protein_coding	4.218	chr2:112835084-112835084:1/C						
rs929241950	112835115	C	T	True	NM_000576.3	-1	rs929241950	112835115	intron_variant	GASTRIC CANCER GASTRIC CANCER, INTESTINAL, INCLUDED	protein_coding	3.214	chr2:112835115-112835115:1/T						
.	112835149	G	A	False	NM_000576.3	-1	-	112835149	intron_variant	GASTRIC CANCER GASTRIC CANCER, INTESTINAL, INCLUDED	protein_coding	3.155	chr2:112835149-112835149:1/A						
rs3917355	112835260	A	G	True	NM_000576.3	-1	rs3917355	112835260	intron_variant	GASTRIC CANCER GASTRIC CANCER, INTESTINAL, INCLUDED	protein_coding	5.636	chr2:112835260-112835260:1/G						
rs536333790	112835264	G	A	True	NM_000576.3	-1	rs536333790	112835264	intron_variant	GASTRIC CANCER GASTRIC CANCER, INTESTINAL, INCLUDED	protein_coding	13.4	chr2:112835264-112835264:1/A						
rs3917354	112835315	GA	G	True	NM_000576.3	-1	rs3917354	112835315	intron_variant	GASTRIC CANCER GASTRIC CANCER, INTESTINAL, INCLUDED	protein_coding	0.554	chr2:112835315-112835316:1/G						
rs556232948	112835347	C	A	True	NM_000576.3	-1	rs556232948	112835347	intron_variant	GASTRIC CANCER GASTRIC CANCER, INTESTINAL, INCLUDED	protein_coding	0.895	chr2:112835347-112835347:1/A						
rs3917353	112835370	C	T	True	NM_000576.3	-1	rs3917353	112835370	intron_variant	GASTRIC CANCER GASTRIC CANCER, INTESTINAL, INCLUDED	protein_coding	0.797	chr2:112835370-112835370:1/T						
rs3917352	112835372	T	A	True	NM_000576.3	-1	rs3917352	112835372	intron_variant	GASTRIC CANCER GASTRIC CANCER, INTESTINAL, INCLUDED	protein_coding	6.379	chr2:112835372-112835372:1/A						
rs558939049	112835466	A	G	True	NM_000576.3	-1	rs558939049	112835466	intron_variant	GASTRIC CANCER GASTRIC CANCER, INTESTINAL, INCLUDED	protein_coding	5.964	chr2:112835466-112835466:1/G						
rs531740623	112835488	T	A	True	NM_000576.3	-1	rs531740623	112835488	intron_variant	GASTRIC CANCER GASTRIC CANCER, INTESTINAL, INCLUDED	protein_coding	3.234	chr2:112835488-112835488:1/A						
rs561202371	112835501	C	T	True	NM_000576.3	-1	rs561202371	112835501	intron_variant	GASTRIC CANCER GASTRIC CANCER, INTESTINAL, INCLUDED	protein_coding	2.526	chr2:112835501-112835501:1/T						
rs372283641	112835520	G	A	True	NM_000576.3	-1	rs372283641	112835520	intron_variant	GASTRIC CANCER GASTRIC CANCER, INTESTINAL, INCLUDED	protein_coding	0.242	chr2:112835520-112835520:1/A						
rs770258696	112835528	G	T	True	NM_000576.3	-1	COSV54521772| rs770258696	112835528	intron_variant	GASTRIC CANCER GASTRIC CANCER, INTESTINAL, INCLUDED	protein_coding	5.775	chr2:112835528-112835528:1/T						
rs574625681	112835556	A	T	True	NM_000576.3	-1	rs574625681	112835556	intron_variant	GASTRIC CANCER GASTRIC CANCER, INTESTINAL, INCLUDED	protein_coding	10.39	chr2:112835556-112835556:1/T						
rs200223008	112835573	T	A	True	NM_000576.3	-1	rs200223008	112835573	missense_variant	GASTRIC CANCER GASTRIC CANCER, INTESTINAL, INCLUDED	protein_coding	22.5	chr2:112835573-112835573:1/A	0.3	tolerated	0.624	possibly_damaging	0.661964	deleterious
rs563720390	112835707	A	C	True	NM_000576.3	-1	rs563720390	112835707	intron_variant	GASTRIC CANCER GASTRIC CANCER, INTESTINAL, INCLUDED	protein_coding	7.591	chr2:112835707-112835707:1/C						
rs532354063	112835792	A	T	True	NM_000576.3	-1	rs532354063	112835792	intron_variant	GASTRIC CANCER GASTRIC CANCER, INTESTINAL, INCLUDED	protein_coding	4.811	chr2:112835792-112835792:1/T						
rs28730866	112835844	C	T	True	NM_000576.3	-1	rs28730866	112835844	intron_variant	GASTRIC CANCER GASTRIC CANCER, INTESTINAL, INCLUDED	protein_coding	6.629	chr2:112835844-112835844:1/T						
rs1143629	112835941	G	A	True	NM_000576.3	-1	COSV54523395| rs1143629	112835941	intron_variant	GASTRIC CANCER GASTRIC CANCER, INTESTINAL, INCLUDED	protein_coding	2.196	chr2:112835941-112835941:1/A						
rs1573280125	112835996	G	A	True	NM_000576.3	-1	rs1573280125	112835996	intron_variant	GASTRIC CANCER GASTRIC CANCER, INTESTINAL, INCLUDED	protein_coding	0.577	chr2:112835996-112835996:1/A						
rs527582800	112836006	C	T	True	NM_000576.3	-1	rs527582800	112836006	intron_variant	GASTRIC CANCER GASTRIC CANCER, INTESTINAL, INCLUDED	protein_coding	1.128	chr2:112836006-112836006:1/T						
.	112836011	G	A	False	NM_000576.3	-1	-	112836011	intron_variant	GASTRIC CANCER GASTRIC CANCER, INTESTINAL, INCLUDED	protein_coding	4.493	chr2:112836011-112836011:1/A						
rs3730364	112836014	T	C	True	NM_000576.3	-1	rs3730364	112836014	intron_variant	GASTRIC CANCER GASTRIC CANCER, INTESTINAL, INCLUDED	protein_coding	7.892	chr2:112836014-112836014:1/C						
rs184928826	112836065	C	T	True	NM_000576.3	-1	rs184928826	112836065	intron_variant	GASTRIC CANCER GASTRIC CANCER, INTESTINAL, INCLUDED	protein_coding	5.311	chr2:112836065-112836065:1/T						
rs1169073943	112836068	G	C	True	NM_000576.3	-1	rs1169073943	112836068	intron_variant	GASTRIC CANCER GASTRIC CANCER, INTESTINAL, INCLUDED	protein_coding	1.381	chr2:112836068-112836068:1/C						
rs796930576	112836073	C	T	True	NM_000576.3	-1	rs796930576	112836073	intron_variant	GASTRIC CANCER GASTRIC CANCER, INTESTINAL, INCLUDED	protein_coding	6.876	chr2:112836073-112836073:1/T						
rs529833758	112836097	A	G	True	NM_000576.3	-1	rs529833758	112836097	intron_variant	GASTRIC CANCER GASTRIC CANCER, INTESTINAL, INCLUDED	protein_coding	0.351	chr2:112836097-112836097:1/G						
rs3917350	112836120	A	G	True	NM_000576.3	-1	rs3917350	112836120	intron_variant	GASTRIC CANCER GASTRIC CANCER, INTESTINAL, INCLUDED	protein_coding	5.875	chr2:112836120-112836120:1/G						
rs3917349	112836142	G	C	True	NM_000576.3	-1	rs3917349	112836142	intron_variant	GASTRIC CANCER GASTRIC CANCER, INTESTINAL, INCLUDED	protein_coding	2.425	chr2:112836142-112836142:1/C						
rs3917348	112836171	G	A	True	NM_000576.3	-1	rs3917348	112836171	intron_variant	GASTRIC CANCER GASTRIC CANCER, INTESTINAL, INCLUDED	protein_coding	0.973	chr2:112836171-112836171:1/A						
.	112836199	T	C	False	NM_000576.3	-1	-	112836199	missense_variant	GASTRIC CANCER GASTRIC CANCER, INTESTINAL, INCLUDED	protein_coding	2.065	chr2:112836199-112836199:1/C	0.54	tolerated	0.005	benign	0.44462	neutral
rs376289593	112836202	C	T	True	NM_000576.3	-1	COSV54521344| rs376289593	112836202	missense_variant	ClinVar: phenotype not specified | GASTRIC CANCER GASTRIC CANCER, INTESTINAL, INCLUDED	protein_coding	22.8	chr2:112836202-112836202:1/T	0.06	tolerated	0.957	probably_damaging	0.8450044999999999	deleterious
rs370988408	112836217	G	T	True	NM_000576.3	-1	rs370988408	112836217	missense_variant	GASTRIC CANCER GASTRIC CANCER, INTESTINAL, INCLUDED	protein_coding	24.6	chr2:112836217-112836217:1/T	0.02	deleterious	1	probably_damaging	0.9445	deleterious
rs1427454926	112836229	T	C	True	NM_000576.3	-1	rs1427454926	112836229	start_lost	GASTRIC CANCER GASTRIC CANCER, INTESTINAL, INCLUDED	protein_coding	24.8	chr2:112836229-112836229:1/C	0	deleterious	0.615	possibly_damaging	0.6582125000000001	deleterious
rs55991300	112836282	C	T	True	NM_000576.3	-1	rs55991300	112836282	intron_variant	GASTRIC CANCER GASTRIC CANCER, INTESTINAL, INCLUDED	protein_coding	1.625	chr2:112836282-112836282:1/T						
.	112836294	T	A	False	NM_000576.3	-1	-	112836294	intron_variant	GASTRIC CANCER GASTRIC CANCER, INTESTINAL, INCLUDED	protein_coding	0.602	chr2:112836294-112836294:1/A						
.	112836308	C	T	False	NM_000576.3	-1	-	112836308	intron_variant	GASTRIC CANCER GASTRIC CANCER, INTESTINAL, INCLUDED	protein_coding	8.459	chr2:112836308-112836308:1/T						
.	112836347	C	G	False	NM_000576.3	-1	-	112836347	intron_variant	GASTRIC CANCER GASTRIC CANCER, INTESTINAL, INCLUDED	protein_coding	8.353	chr2:112836347-112836347:1/G						
rs566271591	112836407	T	C	True	NM_000576.3	-1	rs566271591	112836407	intron_variant	GASTRIC CANCER GASTRIC CANCER, INTESTINAL, INCLUDED	protein_coding	9.03	chr2:112836407-112836407:1/C						
rs534969908	112836429	T	C	True	NM_000576.3	-1	rs534969908	112836429	intron_variant	GASTRIC CANCER GASTRIC CANCER, INTESTINAL, INCLUDED	protein_coding	0.342	chr2:112836429-112836429:1/C						
rs907844870	112836438	T	C	True	NM_000576.3	-1	rs907844870	112836438	intron_variant	GASTRIC CANCER GASTRIC CANCER, INTESTINAL, INCLUDED	protein_coding	7.665	chr2:112836438-112836438:1/C						
rs554758229	112836445	G	C	True	NM_000576.3	-1	rs554758229	112836445	intron_variant	GASTRIC CANCER GASTRIC CANCER, INTESTINAL, INCLUDED	protein_coding	0.415	chr2:112836445-112836445:1/C						
rs574660533	112836451	G	T	True	NM_000576.3	-1	rs574660533	112836451	intron_variant	GASTRIC CANCER GASTRIC CANCER, INTESTINAL, INCLUDED	protein_coding	4.548	chr2:112836451-112836451:1/T						
rs189808596	112836481	T	C	True	NM_000576.3	-1	rs189808596	112836481	intron_variant	GASTRIC CANCER GASTRIC CANCER, INTESTINAL, INCLUDED	protein_coding	5.014	chr2:112836481-112836481:1/C						
.	112836501	A	G	False	NM_000576.3	-1	-	112836501	intron_variant	GASTRIC CANCER GASTRIC CANCER, INTESTINAL, INCLUDED	protein_coding	1.293	chr2:112836501-112836501:1/G						
rs557132984	112836520	C	T	True	NM_000576.3	-1	rs557132984	112836520	intron_variant	GASTRIC CANCER GASTRIC CANCER, INTESTINAL, INCLUDED	protein_coding	2.701	chr2:112836520-112836520:1/T						
rs577256798	112836521	C	T	True	NM_000576.3	-1	rs577256798	112836521	intron_variant	GASTRIC CANCER GASTRIC CANCER, INTESTINAL, INCLUDED	protein_coding	2.016	chr2:112836521-112836521:1/T						
rs895168900	112836527	C	G	True	NM_000576.3	-1	rs895168900	112836527	intron_variant	GASTRIC CANCER GASTRIC CANCER, INTESTINAL, INCLUDED	protein_coding	1.329	chr2:112836527-112836527:1/G						
.	112836546	CT	C	False	NM_000576.3	-1	-	112836546	intron_variant	GASTRIC CANCER GASTRIC CANCER, INTESTINAL, INCLUDED	protein_coding		chr2:112836546-112836547:1/C						
rs145667254	112836613	A	AAG	True	NM_000576.3	-1	rs3917347	112836613	intron_variant	GASTRIC CANCER GASTRIC CANCER, INTESTINAL, INCLUDED	protein_coding	2.258	chr2:112836613-112836615:1/A						
rs545925461	112836613	A	G	True	NM_000576.3	-1	rs3917347	112836613	intron_variant	GASTRIC CANCER GASTRIC CANCER, INTESTINAL, INCLUDED	protein_coding	2.258	chr2:112836613-112836615:1/A						
rs372973976	112836613	AAG	A	True	NM_000576.3	-1	rs3917347	112836613	intron_variant	GASTRIC CANCER GASTRIC CANCER, INTESTINAL, INCLUDED	protein_coding	2.258	chr2:112836613-112836615:1/A						
rs182185350	112836614	A	G	True	NM_000576.3	-1	rs182185350	112836614	intron_variant	GASTRIC CANCER GASTRIC CANCER, INTESTINAL, INCLUDED	protein_coding	4.137	chr2:112836614-112836614:1/G						
rs534454119	112836660	CAG	C	True	NM_000576.3	-1	rs534454119	112836660	intron_variant	GASTRIC CANCER GASTRIC CANCER, INTESTINAL, INCLUDED	protein_coding	5.975	chr2:112836660-112836662:1/C						
rs1143628	112836701	G	A	True	NM_000576.3	-1	rs1143628	112836701	splice_region_variant | intron_variant	GASTRIC CANCER GASTRIC CANCER, INTESTINAL, INCLUDED	protein_coding	9.454	chr2:112836701-112836701:1/A						
.	112836702	TCATACTTGAG	T	False	NM_000576.3	-1	-	112836702	splice_donor_variant | splice_donor_5th_base_variant | 5_prime_UTR_variant | intron_variant	GASTRIC CANCER GASTRIC CANCER, INTESTINAL, INCLUDED	protein_coding		chr2:112836702-112836712:1/T						
rs115403599	112836754	T	A	True	NM_000576.3	-1	rs115403599	112836754	5_prime_UTR_variant	GASTRIC CANCER GASTRIC CANCER, INTESTINAL, INCLUDED	protein_coding	0.375	chr2:112836754-112836754:1/A						
rs561088583	112836778	G	T	True	NM_000576.3	-1	rs561088583	112836778	5_prime_UTR_variant	GASTRIC CANCER GASTRIC CANCER, INTESTINAL, INCLUDED	protein_coding	2.703	chr2:112836778-112836778:1/T						
rs529869449	112836785	C	T	True	NM_000576.3	-1	rs529869449	112836785	upstream_gene_variant	GASTRIC CANCER GASTRIC CANCER, INTESTINAL, INCLUDED	protein_coding	8.136	chr2:112836785-112836785:1/T						
rs549858786	112836807	T	A	True	NM_000576.3	-1	rs549858786	112836807	upstream_gene_variant	GASTRIC CANCER GASTRIC CANCER, INTESTINAL, INCLUDED	protein_coding	18.93	chr2:112836807-112836807:1/A						
rs1143627	112836810	G	A	True	NM_000576.3	-1	CR000594| rs1143627	112836810	upstream_gene_variant	High IL-1beta levels in gingival crevicular fluid | GASTRIC CANCER SUSCEPTIBILITY AFTER H. PYLORI INFECTION | GASTRIC CANCER GASTRIC CANCER, INTESTINAL, INCLUDED	protein_coding	10.26	chr2:112836810-112836810:1/A						
rs932053737	112836833	G	C	True	NM_000576.3	-1	rs932053737	112836833	upstream_gene_variant		protein_coding	5.926	chr2:112836833-112836833:1/C						
.	112836895	A	G	False	NM_000576.3	-1	-	112836895	upstream_gene_variant		protein_coding	9.531	chr2:112836895-112836895:1/G						
rs74579367	112836916	G	A	True	NM_000576.3	-1	rs74579367	112836916	upstream_gene_variant		protein_coding	9.003	chr2:112836916-112836916:1/A						
